<?xml version="1.0" encoding="UTF-8"?>
<list version="1.0">
  <fvm_meta theme_code="" is_biz="0"/>
  <theme id="custom" name="Comedy World" thumb="" cc_theme_id="family"/>
  <theme id="sticklybiz" name="Stickly Business" thumb=""/>
  <theme id="retro" name="Cartoon Classics" thumb="ann-stand.swf"/>
  <theme id="vietnam" name="Jungle Warfare" thumb="" cc_theme_id="vietnam"/>
  <theme id="monstermsh" name="Monsters Mayhem" thumb=""/>
  <theme id="stick" name="Stick Figure" thumb=""/>
  <theme id="action" name="Lil' Peepz" thumb="" cc_theme_id="cc2"/>
  <theme id="animal" name="Lil' Petz" thumb="" cc_theme_id="animal"/>
  <theme id="politics2" name="US Election 2012" thumb=""/>
  <theme id="chibi" name="Chibi Peepz" thumb="" cc_theme_id="chibi"/>
  <theme id="space" name="Space Peepz" thumb="" cc_theme_id="space"/>
  <theme id="ninja" name="Chibi Ninjas" thumb="" cc_theme_id="ninja"/>
  <theme id="anime" name="Anime" thumb="" cc_theme_id="anime"/>
  <theme id="ninjaanime" name="Ninja Anime" thumb="" cc_theme_id="ninjaanime"/>
  <theme id="christmas" name="Holiday &amp; Seasonal" thumb="santa-stand.swf"/>
  <theme id="spacecitizen" name="Space Citizens" thumb="" cc_theme_id="spacecitizen"/>
  <theme id="politic" name="Politics &amp; Celebrity" thumb="hilary-stand.swf"/>
  <theme id="fullenergy" name="Full Energy" thumb=""/>
  <theme id="akon" name="AKON" thumb=""/>
  <theme id="ben10" name="Ben 10" thumb=""/>
  <theme id="bunny" name="It's Happy Bunny" thumb=""/>
  <theme id="chowder" name="Chowder" thumb=""/>
  <theme id="domo" name="Domo" thumb=""/>
  <theme id="monkeytalk" name="SuperRica &amp; Rashy" thumb=""/>
  <theme id="sf" name="Street Fighter" thumb=""/>
  <theme id="startrek" name="Star Trek Quogs" thumb=""/>
  <theme id="toonadv" name="Toon Adventure" thumb="" cc_theme_id="toonadv"/>
  <theme id="cctoonadventure" name="Toon Adventure CC" thumb="" cc_theme_id="cctoonadventure"/>
  <theme id="common" name="Common" thumb="matchboy-stand.swf"/>
  <theme id="underdog" name="Saturday Morning TV" thumb=""/>
  <theme id="willie" name="Willie Nelson" thumb=""/>
  <theme id="business" name="Business Friendly" thumb=""/>
  <word/>
  <whiteword/>
  <excludeAssetIDs/>
  <points money="100" sharing="0"/>
  <tts credit="999"/>
</list>